-- MySQL dump 10.13  Distrib 8.0.39, for Linux (x86_64)
--
-- Host: localhost    Database: vehicleDB
-- ------------------------------------------------------
-- Server version	8.0.39-0ubuntu0.22.04.1

/*!40101 SET @OLD_CHARACTER_SET_CLIENT=@@CHARACTER_SET_CLIENT */;
/*!40101 SET @OLD_CHARACTER_SET_RESULTS=@@CHARACTER_SET_RESULTS */;
/*!40101 SET @OLD_COLLATION_CONNECTION=@@COLLATION_CONNECTION */;
/*!50503 SET NAMES utf8mb4 */;
/*!40103 SET @OLD_TIME_ZONE=@@TIME_ZONE */;
/*!40103 SET TIME_ZONE='+00:00' */;
/*!40014 SET @OLD_UNIQUE_CHECKS=@@UNIQUE_CHECKS, UNIQUE_CHECKS=0 */;
/*!40014 SET @OLD_FOREIGN_KEY_CHECKS=@@FOREIGN_KEY_CHECKS, FOREIGN_KEY_CHECKS=0 */;
/*!40101 SET @OLD_SQL_MODE=@@SQL_MODE, SQL_MODE='NO_AUTO_VALUE_ON_ZERO' */;
/*!40111 SET @OLD_SQL_NOTES=@@SQL_NOTES, SQL_NOTES=0 */;

--
-- Table structure for table `bookings`
--

DROP TABLE IF EXISTS `bookings`;
/*!40101 SET @saved_cs_client     = @@character_set_client */;
/*!50503 SET character_set_client = utf8mb4 */;
CREATE TABLE `bookings` (
  `booking_id` int NOT NULL AUTO_INCREMENT,
  `user_id` int NOT NULL,
  `vehicle_id` int NOT NULL,
  `start_date` date NOT NULL,
  `end_date` date NOT NULL,
  `total_price` decimal(10,2) NOT NULL,
  `status` varchar(50) NOT NULL,
  PRIMARY KEY (`booking_id`),
  KEY `user_id` (`user_id`),
  KEY `vehicle_id` (`vehicle_id`),
  CONSTRAINT `bookings_ibfk_1` FOREIGN KEY (`user_id`) REFERENCES `users` (`user_id`),
  CONSTRAINT `bookings_ibfk_2` FOREIGN KEY (`vehicle_id`) REFERENCES `vehicles` (`vehicle_id`)
) ENGINE=InnoDB AUTO_INCREMENT=4 DEFAULT CHARSET=utf8mb4 COLLATE=utf8mb4_0900_ai_ci;
/*!40101 SET character_set_client = @saved_cs_client */;

--
-- Dumping data for table `bookings`
--

LOCK TABLES `bookings` WRITE;
/*!40000 ALTER TABLE `bookings` DISABLE KEYS */;
INSERT INTO `bookings` VALUES (1,1,1,'2025-01-20','2025-01-23',150.00,'Confirmed'),(2,2,3,'2025-01-22','2025-01-25',240.00,'Pending'),(3,1,2,'2025-01-25','2025-01-28',90.00,'Cancelled');
/*!40000 ALTER TABLE `bookings` ENABLE KEYS */;
UNLOCK TABLES;

--
-- Table structure for table `payments`
--

DROP TABLE IF EXISTS `payments`;
/*!40101 SET @saved_cs_client     = @@character_set_client */;
/*!50503 SET character_set_client = utf8mb4 */;
CREATE TABLE `payments` (
  `payment_id` int NOT NULL AUTO_INCREMENT,
  `booking_id` int NOT NULL,
  `amount` decimal(10,2) NOT NULL,
  `payment_status` varchar(50) NOT NULL,
  `payment_date` datetime NOT NULL,
  PRIMARY KEY (`payment_id`),
  KEY `booking_id` (`booking_id`),
  CONSTRAINT `payments_ibfk_1` FOREIGN KEY (`booking_id`) REFERENCES `bookings` (`booking_id`)
) ENGINE=InnoDB AUTO_INCREMENT=4 DEFAULT CHARSET=utf8mb4 COLLATE=utf8mb4_0900_ai_ci;
/*!40101 SET character_set_client = @saved_cs_client */;

--
-- Dumping data for table `payments`
--

LOCK TABLES `payments` WRITE;
/*!40000 ALTER TABLE `payments` DISABLE KEYS */;
INSERT INTO `payments` VALUES (1,1,150.00,'Completed','2025-01-20 00:00:00'),(2,2,240.00,'Pending','2025-01-22 00:00:00'),(3,3,90.00,'Refunded','2025-01-25 00:00:00');
/*!40000 ALTER TABLE `payments` ENABLE KEYS */;
UNLOCK TABLES;

--
-- Table structure for table `user_auth`
--

DROP TABLE IF EXISTS `user_auth`;
/*!40101 SET @saved_cs_client     = @@character_set_client */;
/*!50503 SET character_set_client = utf8mb4 */;
CREATE TABLE `user_auth` (
  `user_id` int NOT NULL,
  `password` varchar(255) NOT NULL,
  `role` varchar(50) NOT NULL,
  PRIMARY KEY (`user_id`),
  CONSTRAINT `user_auth_ibfk_1` FOREIGN KEY (`user_id`) REFERENCES `users` (`user_id`) ON DELETE CASCADE
) ENGINE=InnoDB DEFAULT CHARSET=utf8mb4 COLLATE=utf8mb4_0900_ai_ci;
/*!40101 SET character_set_client = @saved_cs_client */;

--
-- Dumping data for table `user_auth`
--

LOCK TABLES `user_auth` WRITE;
/*!40000 ALTER TABLE `user_auth` DISABLE KEYS */;
INSERT INTO `user_auth` VALUES (1,'222','admin'),(2,'a','user');
/*!40000 ALTER TABLE `user_auth` ENABLE KEYS */;
UNLOCK TABLES;

--
-- Table structure for table `users`
--

DROP TABLE IF EXISTS `users`;
/*!40101 SET @saved_cs_client     = @@character_set_client */;
/*!50503 SET character_set_client = utf8mb4 */;
CREATE TABLE `users` (
  `user_id` int NOT NULL AUTO_INCREMENT,
  `username` varchar(255) DEFAULT NULL,
  `email` varchar(100) NOT NULL,
  PRIMARY KEY (`user_id`),
  UNIQUE KEY `email` (`email`),
  UNIQUE KEY `username` (`username`)
) ENGINE=InnoDB AUTO_INCREMENT=5 DEFAULT CHARSET=utf8mb4 COLLATE=utf8mb4_0900_ai_ci;
/*!40101 SET character_set_client = @saved_cs_client */;

--
-- Dumping data for table `users`
--

LOCK TABLES `users` WRITE;
/*!40000 ALTER TABLE `users` DISABLE KEYS */;
INSERT INTO `users` VALUES (1,'akshay','axayjoc@gmail.com'),(2,'John Doe','john.doe@example.com'),(3,'Jane Smith','jane.smith@example.com'),(4,'Mike Brown','mike.brown@example.com');
/*!40000 ALTER TABLE `users` ENABLE KEYS */;
UNLOCK TABLES;

--
-- Table structure for table `vehicles`
--

DROP TABLE IF EXISTS `vehicles`;
/*!40101 SET @saved_cs_client     = @@character_set_client */;
/*!50503 SET character_set_client = utf8mb4 */;
CREATE TABLE `vehicles` (
  `vehicle_id` int NOT NULL AUTO_INCREMENT,
  `type` varchar(100) NOT NULL,
  `brand` varchar(100) NOT NULL,
  `model` varchar(100) NOT NULL,
  `price_per_day` int NOT NULL,
  `availability` varchar(100) NOT NULL,
  `registration_number` varchar(50) NOT NULL,
  PRIMARY KEY (`vehicle_id`)
) ENGINE=InnoDB AUTO_INCREMENT=5 DEFAULT CHARSET=utf8mb4 COLLATE=utf8mb4_0900_ai_ci;
/*!40101 SET character_set_client = @saved_cs_client */;

--
-- Dumping data for table `vehicles`
--

LOCK TABLES `vehicles` WRITE;
/*!40000 ALTER TABLE `vehicles` DISABLE KEYS */;
INSERT INTO `vehicles` VALUES (1,'Car','Toyota','Ronaldo',150,'Available','12345'),(2,'Bike','Harley-Davidson','Iron 883',30,'Available','67890'),(3,'SUV','Ford','Explorer',80,'Rented','11223'),(4,'Truck','Volvo','FH16',100,'Available','44556');
/*!40000 ALTER TABLE `vehicles` ENABLE KEYS */;
UNLOCK TABLES;
/*!40103 SET TIME_ZONE=@OLD_TIME_ZONE */;

/*!40101 SET SQL_MODE=@OLD_SQL_MODE */;
/*!40014 SET FOREIGN_KEY_CHECKS=@OLD_FOREIGN_KEY_CHECKS */;
/*!40014 SET UNIQUE_CHECKS=@OLD_UNIQUE_CHECKS */;
/*!40101 SET CHARACTER_SET_CLIENT=@OLD_CHARACTER_SET_CLIENT */;
/*!40101 SET CHARACTER_SET_RESULTS=@OLD_CHARACTER_SET_RESULTS */;
/*!40101 SET COLLATION_CONNECTION=@OLD_COLLATION_CONNECTION */;
/*!40111 SET SQL_NOTES=@OLD_SQL_NOTES */;

-- Dump completed on 2025-02-15  1:38:57
